company_rank,company,company_total_score,liatrio_service_area,headline,source,url,published,relevance_score,matched_keywords,outreach_angle
1,Lockheed Martin,15.5,Security & Compliance,CMMC Phase 1 Is Here: What Defense Contractors Must Do Now - GovCon Wire,GovCon Wire,https://news.google.com/rss/articles/CBMimAFBVV95cUxQcHpzMTBEMXpzLVpRcUREd0hONVRiNnlJTjYxc1d3OHpPb2hRSkx6ekR2TEg5Z2VrVlVGQ3NyX3lDVkdadDNpM05jNFV2MWlXbl9pOG9DUTZGRW1tb1IxOTRDT29zdTh4aWlDOWh5ak1wYm1JUzVVVTd3UU5IM3hveC1qYUJEWDJ2RVJ0cmczZ1pkN3J2eEhsMw?oc=5,"Mon, 05 Jan 2026 08:00:00 GMT",2.5,"CMMC, defense contract",Liatrio integrates security into the software delivery pipeline. Offer a DevSecOps assessment.
1,Lockheed Martin,15.5,DevOps & Platform Engineering,"Lockheed Martin Flies Real-Time, Mission Enabling Kubernetes Onboard U-2 - Lockheed Martin",Lockheed Martin,https://news.google.com/rss/articles/CBMipgFBVV95cUxQeHphUDNzYllPT21sSXdsNkpaV1VMdnpWTE5ETHRLTkNaMmJzam5VdzljVWwtWnJPY2NxM0M2Ul9YWmlGeXp0cFJEODhNYVBNYVp0X1BuV3F2MGFoclNaTWZuWFNxMXpZcFFYVXlJNkxkR2FzV29KSnZUVlQzM0lPa3AwdkJYLVRFcG8xMm0tMGJPR0JqNFExNEtKbmtTTGdjeE1xSk9n?oc=5,"Mon, 14 Dec 2020 08:00:00 GMT",1,Kubernetes,Liatrio builds internal developer platforms that accelerate delivery. Offer a DevOps maturity assessment.
1,Lockheed Martin,15.5,DevOps & Platform Engineering,Lockheed Martin Demos U-2 Dragon Lady Aircraft With Kubernetes Cloud; Jeff Babione Quoted - ExecutiveBiz,ExecutiveBiz,https://news.google.com/rss/articles/CBMixAFBVV95cUxPSXdIMnRHeS14YTVwbGJwdDFTOGZpd1ZWeW1lLW5yVy1PNmhZazA1MVF4bVczQkdpZkNoTGZ6VUQxbmZqcXB3Y0R6MzlJcWlzTDd0ZVJLMXFmVWIzaUl6dDlIaGtEVzI4RjJaTVJaZVRZQ2ZybHNSNUxuaDkwT1A1MnJ0cnJMbzBCQ3JGOHNjODl1NFNmV2MxS0lqS29nbXVkZzk1RUVXOFpRNWNLSm1RZ3NvMUcySzloSzBGXzlHV0YxQkdi?oc=5,"Tue, 15 Dec 2020 08:00:00 GMT",1,Kubernetes,Liatrio builds internal developer platforms that accelerate delivery. Offer a DevOps maturity assessment.
1,Lockheed Martin,15.5,DevOps & Platform Engineering,Development of Open Mission Systems Computer for U-2 Continues with Latest Kubernetes Demonstration - Aviation Tech Today,Aviation Tech Today,https://news.google.com/rss/articles/CBMixwFBVV95cUxPV0ZxTTBpUnJESWVFTF9UaGMybk02OFFkVUZRWU5hX0daYnFiZEFyREs4VGp5NXN0bU1VMDc1bkZJUEhiT2JuRlQySWQ2MHpZTDZiZE94OVVuQzZGcnRxMXJ6Z2lHNmdUNGtRSXc3WjgySW0zQldWYVZIcHdMUFZtaEFkU21WN3A4cnlON3VxN3V1QXBMdExsMV9NTjdIZUlJYk9uLVk2Ri1mVlVzeGtnaG9TYjNEZXlSRFczZ0FscTRCZ1JyZG9V?oc=5,"Tue, 15 Dec 2020 08:00:00 GMT",1,Kubernetes,Liatrio builds internal developer platforms that accelerate delivery. Offer a DevOps maturity assessment.
1,Lockheed Martin,15.5,Security & Compliance,Cybersecurity Compliance and Risk Assessment (CCRA) - Lockheed Martin,Lockheed Martin,https://news.google.com/rss/articles/CBMikwFBVV95cUxQbjg0NENqT2wwOVQ0S2JhTEVCdFNjTEFXYldseXRTRFphMnBzNVk1bDVkc21KUzVMaUpJdVdGVTF0MHMyMEtKV3RONHpkd0U0U2RrSl81T08xaHo5ZnR1M0F5UnlvVHpKaTRKMFo2RTdpOUZfYWVXMU1OMmNHWEd1dlhrN0hQRVVYWC1PTEJWZ240Ylk?oc=5,"Mon, 29 Jun 2026 22:31:59 GMT",1,security compliance,Liatrio integrates security into the software delivery pipeline. Offer a DevSecOps assessment.
1,Lockheed Martin,15.5,Security & Compliance,Lockheed Martin's DevSecOps Transformation Journey - Amazon Web Services (AWS),Amazon Web Services (AWS),https://news.google.com/rss/articles/CBMiX0FVX3lxTE1nQlRkTXhYeVY3Q0hyN1NhTV9DUS1DY1d5dWVDZE5QTTR2bVhjTThUbGF3QmxVbDNCSW1mQjZOQ25wYVN3elZjRFZZeGlJaXJEVnI4VDYzRDJOSnJCTWNV?oc=5,"Sun, 18 Jan 2026 18:05:49 GMT",1,DevSecOps,Liatrio integrates security into the software delivery pipeline. Offer a DevSecOps assessment.
1,Lockheed Martin,15.5,Security & Compliance,Upcoming CMMC Requirements - Lockheed Martin,Lockheed Martin,https://news.google.com/rss/articles/CBMisAFBVV95cUxPS2Rxc1FxODVKNGFSS0J6aF82Sk9lQ3RSSmxZeWVWNzZqYnhtbjVON0JyTHVQNmRFSXNWcWZ1N29xSGMyaFU5TktJOGlsc0lRdHRWQ29ETzRRWkZvS1VmUEdjT2ZsRnlNMUlGdDZIcHVlZFlvekp5U192UkFxTGQ4dHRZZ3VUMGM2eFBEQjJHejF0SHY1RlNPWURGUll1YUFVcWhDSVZFYkNmeXZQTFpsLQ?oc=5,"Thu, 30 Oct 2025 07:00:00 GMT",1,CMMC,Liatrio integrates security into the software delivery pipeline. Offer a DevSecOps assessment.
1,Lockheed Martin,15.5,Digital Transformation,Lockheed Martin’s CIO On Digital Transformation And Culture Of Purpose - Forbes,Forbes,https://news.google.com/rss/articles/CBMivAFBVV95cUxQNW5QX0M0SmkzNnF2RmlfckgxaHZFekdUZm1wbVZTbndlWEpYRGNfb3BSR09ZaFUtdk52RkI0MEd4VTk5ZDlNWHlBYmlhbDFnSG0tRWhzMDh4UDdQS1gzbXE4UEV2c0Y2X2dwSGtMU3F6SjNpQTZkRGhJbTd1TjA2QVViSTZyZWxSdmlOVExxdDMwUHNOTmNrTDFtSW1UT25lUjFaR1RrNVpySkFuVHdPSFptczVvYk1QejlBLQ?oc=5,"Mon, 20 Oct 2025 07:00:00 GMT",1,digital transformation,"Liatrio drives holistic transformation across people, process, and technology. Reference the leadership change and offer a strategy session."
1,Lockheed Martin,15.5,Digital Transformation,Digital Transformation and Operational Improvements - Lockheed Martin,Lockheed Martin,https://news.google.com/rss/articles/CBMiuAFBVV95cUxPWWh2NVoyaTRVOXd4ZWVkQVA0NmE1cUlHbEp4emZEeHV2dWJkYnZadjZESklTRXdPS1JDLTNQVTEtU2FUSEVuSzhRMnVqMGlnenlBQ1BsWDJPM2ZnbXUyOVRHcWtkY09LNkFPa3lmdjdLSXdua2R6RlphZDZaUGZTSmw0ZEE4REFxMEdVa0d4b2ZVejdSMXhpRUU0czRka3MzTzBVcnBzNUg3QVRFMlRXd3p5ZHpPSTRB?oc=5,"Tue, 13 Aug 2024 07:00:00 GMT",1,digital transformation,"Liatrio drives holistic transformation across people, process, and technology. Reference the leadership change and offer a strategy session."
1,Lockheed Martin,15.5,Digital Transformation,Maria Demaree on Lockheed’s Digital Transformation Program - ExecutiveBiz,ExecutiveBiz,https://news.google.com/rss/articles/CBMikgFBVV95cUxNSTMzVnA4NkNveXhsSWllZktMMHdwTGFVWnBpRzFldVQyY3RUNWRpR1pnamFpN1dSTG1SNFkwUHpVRnhVczR5M2JBZkxTRmlUZDFuVXpoYjRHc3htUGRyUmpUM1R4UXRCLVhWcngtb19ZcmppSE9zcXZTTHNoTHk1dDZDWWJaaTNBclR0cGs0ZHhEUQ?oc=5,"Wed, 08 Oct 2025 07:00:00 GMT",1,digital transformation,"Liatrio drives holistic transformation across people, process, and technology. Reference the leadership change and offer a strategy session."
1,Lockheed Martin,15.5,Digital Transformation,Lockheed Martin Appoints Dr. Craig Martell as New CTO - WashingtonExec,WashingtonExec,https://news.google.com/rss/articles/CBMikgFBVV95cUxOLW9SanFCdi0wT1hSX2g5eHRyUHBtWGI5SG5Ub0llY0VtSlVlcUZMUHhhNm9XYXUtVzNKU2JpZFVSR3A5R0toYlA0STQxbm5jTmxFWDV2dkwtV29YOFkyU1hfQjY2eTFrZ3F1dFk0YVNKaDNtN3VnSWU4bGZEOUpMd0NmR05DTThPRVg2dnEzQkFPZw?oc=5,"Tue, 17 Jun 2025 07:00:00 GMT",1,new CTO,"Liatrio drives holistic transformation across people, process, and technology. Reference the leadership change and offer a strategy session."
1,Lockheed Martin,15.5,Digital Transformation,Navy Taps 59 Companies for Potential $250M Logistics IT Modernization Contract - GovCon Wire,GovCon Wire,https://news.google.com/rss/articles/CBMikAFBVV95cUxNaHktTThUSnU2dk53WW9nRXYxZlFzSDRLZzVLQlFoX3JqNDhuWjd0S0pMX2taNElDcTl3WjBsUEFVVWNYWVNLOEQ3cnlzYVdmYURTMTUwa1d1ZHJNNDRucDlxbkNSMUFNLWxKdUhKeFJWak14bVZ1eEsyR0tGZlBYb1RZUUljOFV6aG82S2N0VHE?oc=5,"Fri, 12 Jun 2026 07:00:00 GMT",1,IT modernization,"Liatrio drives holistic transformation across people, process, and technology. Reference the leadership change and offer a strategy session."
1,Lockheed Martin,15.5,Digital Transformation,Deloitte Lands $279M Navy IT Modernization Contract - Clearance Jobs,Clearance Jobs,https://news.google.com/rss/articles/CBMimAFBVV95cUxQTEd0WkJqRGg2WEhrdk5FaHJ5UXg4bTlVRm5pUjJoMnRBUUdIT0x0Ni1haFcySUdmTFhBZnp2dkt3akxtQ3F3WWZVWlRndzF6NC11MVVrWjZldTJvcW9XMkRXVWJVdWpDMFhtMjZNbVg0UV81UDNCVENsY2lWNWRCY1hhUUpwN2dLQWJvSXVwU3JEVmQwczQyNQ?oc=5,"Fri, 29 May 2026 07:00:00 GMT",1,IT modernization,"Liatrio drives holistic transformation across people, process, and technology. Reference the leadership change and offer a strategy session."
1,Lockheed Martin,15.5,Digital Transformation,Deloitte Lands $278M Navy IT Modernization Support Contract - ExecutiveBiz,ExecutiveBiz,https://news.google.com/rss/articles/CBMilAFBVV95cUxQS2RMSU94YmQySkdUVXZDR2VNVUlocmE5WHJ0VkJFTURWVVVobkxhRU9FT1g4SDJUYzZPdEkwUGJJTVlYRlBSZTZxeFJIaVJUQlJlY0VFcElHZURRQktfWHFnTUFhRTJTY0g2RTQzZUNKT3Q3WHV0bVRpRHUzR18yUkRZaGwwSmI2T1ZJMTVDSkxSUDBM?oc=5,"Fri, 29 May 2026 07:00:00 GMT",1,IT modernization,"Liatrio drives holistic transformation across people, process, and technology. Reference the leadership change and offer a strategy session."
2,3M,15,DevOps & Platform Engineering,The Rise of Platform Engineering in Government - GovCIO Media & Research,GovCIO Media & Research,https://news.google.com/rss/articles/CBMie0FVX3lxTE14UFpkV0p2WEpPVllheUFRdDhpLU9GZWlhem1waGRtc3JCaWdtNXlCZWE2aW1qblMzcTdxenF3bEcwUTIxcUNITnJQcldYakZyYkFBaFRkSTlHNXEzdkljWElKSm9tUDUyVTJCRkgwSmVrZ3Jhb1Fqa1VmRQ?oc=5,"Mon, 08 Jun 2026 07:00:00 GMT",1,platform engineering,Liatrio builds internal developer platforms that accelerate delivery. Offer a DevOps maturity assessment.
2,3M,15,DevOps & Platform Engineering,France’s Cycloid gets €5M to promote efficient software delivery along with digital sobriety - Silicon Canals,Silicon Canals,https://news.google.com/rss/articles/CBMiX0FVX3lxTE1lc1M1M3RSSk9Wek1NQnBpY01fc3kzM19xSTMyS19MX1pxQTlVQ3NVamZSLU1ydTIzbVBFT3Zabjg0M0xtQ19ITDhRNFV3MDJ5SG50M2RTYTNjNHpiNG1r?oc=5,"Tue, 18 Feb 2025 08:00:00 GMT",1,software delivery,Liatrio builds internal developer platforms that accelerate delivery. Offer a DevOps maturity assessment.
2,3M,15,Application Modernization,Why the next phase of India’s AI growth will depend on cloud native skills - CNBC TV18 - LinkedIn,LinkedIn,https://news.google.com/rss/articles/CBMiugFBVV95cUxNaFg4eGhXWXlfdmYyaGV6aEVINFF5QlowQWc4T0dldnRJRkZFY0tZdlNUc3pJbVlWWFRlX2ctYV9xNFBGc3VBQ01PNi1FMGI3bHNKa0ZsSHBSOFNldHZBOUdBN3FSRDA2d0E4SVlOVUNCMVY0SUJraDBhNHZMUXZLTTk0ZkJCbHZxV0I1dURWMkozanctRm1qc0dmeFJRSE9XR1p6NTNqM0FDVU5xZk42ZTNvVWJES05XU2c?oc=5,"Fri, 17 Jul 2026 07:10:49 GMT",1,cloud native,"Liatrio turns legacy apps into cloud-native, AI-ready software. Offer a modernization roadmap."
2,3M,15,Cloud Migration,3M goes all-in on AWS cloud migration - IT Pro,IT Pro,https://news.google.com/rss/articles/CBMifEFVX3lxTE5aVGVsc0hHcG41b2V1QzAyRjQxSE5CQ1N2SnZPZ0NSUDQ3SDNMdzhqZUU0cmpCeWdmeTVYajBUc3VQY2k1M0MySGpPeUsxVEdGYTZ0TDhLczl3bHJRcEtlcURwMFBXUFdNRzU1d0ItdDJqeGhGTEhIcmx2blo?oc=5,"Tue, 18 Feb 2020 08:00:00 GMT",1,cloud migration,Liatrio designs AI-ready cloud platforms. Offer a cloud migration assessment.
2,3M,15,Cloud Migration,FEHRM CTO Targets Two-Year Cloud Migration for Federal EHR - GovCIO Media & Research,GovCIO Media & Research,https://news.google.com/rss/articles/CBMiiwFBVV95cUxNT2p3RWpjalhIekdtbGN6Znp5ZzVXRlhWa1M1ejhLR0V0QmNrRlV6N04zUVpZSHB0UWRlV1dzLUpDekY2RzlmdWJ3VnpucjJEY0pQSHI2N0JfNVF4QlpXNHM3TVJ5SnFmNFg0RGtNRTNzWUMtbGpaaFdSUVpaYUNJcDJ3ZGpVUUdINmdV?oc=5,"Wed, 18 Jun 2025 07:00:00 GMT",1,cloud migration,Liatrio designs AI-ready cloud platforms. Offer a cloud migration assessment.
2,3M,15,Security & Compliance,World Bank Group Leans on Zero Trust to Secure Global Digital Infrastructure - GovCIO Media & Research,GovCIO Media & Research,https://news.google.com/rss/articles/CBMiowFBVV95cUxNdXRocDhGZ0VRQkJYRVo5ZzBSVWZjYnJqWnFyOGVCN25NMHRNNXh0T0w0RHMxcVhIVjk5R1hrRXpMbzFNMEF4OE9QVFdrRVh3QXM0Q0x0ZFJELUd4UnBqWG1PTGJvYkhZV0JUVlk0dzhEM1JfbG1VVVNBQlYtMjBZMjJHM2hrNnRCeE5hZUNfeW5RWEJCQkdlZ0FBaVFRZC12b1Nn?oc=5,"Tue, 16 Dec 2025 08:00:00 GMT",1,zero trust,Liatrio integrates security into the software delivery pipeline. Offer a DevSecOps assessment.
2,3M,15,Security & Compliance,What is the Government Shutdown’s Impact on CMMC? - GovCIO Media & Research,GovCIO Media & Research,https://news.google.com/rss/articles/CBMifEFVX3lxTE5tenk4RG1xZGpiQjlGN042SVoyZ29YZ1FBc0Q2YktXRTR2bEhjdkdIX1pvUUlPRUZWbFNIdVNieHFoOG5OSUM3X09UVkNBX1FMcG9nNkZhZU1HQUZXQ1hTZ1RySl9kbGlYR0U2bFZNVldTZGJXOFlIb253b0Y?oc=5,"Mon, 13 Oct 2025 07:00:00 GMT",1,CMMC,Liatrio integrates security into the software delivery pipeline. Offer a DevSecOps assessment.
2,3M,15,Strategic Signal,Nucleon Security Secures €3M to Drive Expansion Across Africa and Beyond - TechAfrica News,TechAfrica News,https://news.google.com/rss/articles/CBMisAFBVV95cUxON2dqQ1NRY0lKekE5QjZiUGo5TlZXV0x6MldaZDVEOGlyNGJtc3FTUG16c2dUWXkxay1jU3FXN0RhYTZlajVlZGVVWWpRZnBKZGEwNVpCWFRjVER3ZklhN0FwTEVNODFKUld6YjE4Q3ZyX1BkU3I3ZWlRRTZKWHY1QmIydlVkQkprVjlMejVZVkJOTmtFYUFpSV91TUMwNXZOeVRUcHFGMkQtdjBldFNTSg?oc=5,"Fri, 12 Sep 2025 07:00:00 GMT",1,expansion,Company is investing in technology. Position Liatrio as their transformation partner.
2,3M,15,Security & Compliance,Agencies Shift Toward Automated Identity Management to Bolster Zero Trust - GovCIO Media & Research,GovCIO Media & Research,https://news.google.com/rss/articles/CBMinwFBVV95cUxOeXY4aUJ1RnlMRW9PVVlqdlhEZmtKWHNiTkQ0MEc4Tlp5SVJYYjFXMl9EVWJrUlJGME9yMld6Unl6WDFTV2hqVnV5TXlRQ3R6R0lUd2NKZ1hBa0I2LWZkTTZKRWJDdmd4eXg4VGRyb2NBY3ZGUVVLalJReFNyLXBCUHgtbGFYUTJIM3FuZHlhN0diRlF4MnE3enZVTkRtRzA?oc=5,"Fri, 17 Apr 2026 07:00:00 GMT",1,zero trust,Liatrio integrates security into the software delivery pipeline. Offer a DevSecOps assessment.
2,3M,15,Digital Transformation,3M eyes digital transformation with C3 IoT - Supply Chain Digital,Supply Chain Digital,https://news.google.com/rss/articles/CBMikwFBVV95cUxPbXBFaFR6Sm9USHJ6c09pTTdYd05TdjRMV25CTkdiZk8tWGdZQUI3ZnJQdW1qUldQV00tanlKcHpTQ1lSam54dGs2cVpadFpZN0dSdldTdnUxWkRFaVFBVHY0ZTFXbTJQakU4dVRtcjVSdjFOeDRWR2U5X3I5WU5sVGtaY0t1Y0dtSXZvMVY3S0J4NE0?oc=5,"Wed, 26 Jan 2022 13:40:13 GMT",1,digital transformation,"Liatrio drives holistic transformation across people, process, and technology. Reference the leadership change and offer a strategy session."
2,3M,15,Digital Transformation,"The Tortoise, Not the Hare: Why Phased IT Modernization Wins - GovCIO Media & Research",GovCIO Media & Research,https://news.google.com/rss/articles/CBMiiwFBVV95cUxQQk1tZm9SdHJkam9PemNWZzd6YlUyVEhLSDRzaHlSYzkyWklodnBFRTZ5Y21oVTNzMVdFLUZ6R3FQOFdtSlZpSjdhUzVxUFVLM013UDk4WVZKVHV2dXMyNUpXeExRajM2WUhDYlZDakpMYUlfVDB6bklZbFNVbHhWRkJ0ZTdtR3R0NDM4?oc=5,"Thu, 21 May 2026 07:00:00 GMT",1,IT modernization,"Liatrio drives holistic transformation across people, process, and technology. Reference the leadership change and offer a strategy session."
2,3M,15,Digital Transformation,FY27 Budget Maps Out Plans for Federal IT Modernization - GovCIO Media & Research,GovCIO Media & Research,https://news.google.com/rss/articles/CBMihwFBVV95cUxQNDBqUWFYNF9kSFNxVFp2WU5FRm9EenpWVjVFN185Sm8yTk1iLS1FUndnSXkwRnlINklpaDJ1ZzhLV1o3NTFVbVFCVE5RR2p2RXRUcG56S1R3WXhRMGZ1SGRieHdUT2VhX0tzMWhyc2JyYTZtTzRjVGpoTEh0d212aE9UbFpwWHM?oc=5,"Wed, 15 Apr 2026 07:00:00 GMT",1,IT modernization,"Liatrio drives holistic transformation across people, process, and technology. Reference the leadership change and offer a strategy session."
2,3M,15,Workforce Enablement,The Developer Productivity Manifesto Part 3 — Leaving Software on the Table - Lightspeed Venture Partners,Lightspeed Venture Partners,https://news.google.com/rss/articles/CBMioAFBVV95cUxNSGZ6NS05SWx1bWNQODBFVXRkbXFrNExjMHB1bktLUi0yRUNDbFVsWjgzOFlBZ0ZKWmlwM194ekVyLVp3QldGS0xNUEJrc3R4RFJsNjU2bVlZR1A2NlliYy1tTUJ0d205eGw4X2JNUUtzNENKX2RFcWlaRHBrTmJWZXQtdkxoaVltMWt6MWVndWZ4OWl0RWZHTU5XWEQxeHk5?oc=5,"Tue, 04 May 2021 07:00:00 GMT",1,developer productivity,Liatrio coaches engineering teams to become high-performing. Offer a team enablement workshop.
2,3M,15,Digital Transformation,"How Harris, Walz Have Supported IT Modernization, AI Policy - GovCIO Media & Research",GovCIO Media & Research,https://news.google.com/rss/articles/CBMiigFBVV95cUxPanN5LVJ4OXpRRzl4NUFwUlZKVTVfNnNHRi10cDhMTzc5QTVNWUM4aVYzT0d0MVk4VEVZbHVIdW5hb1FjMlBZY1FfREd3dElFNEdGY3ltSnoyajl6bmw1WmxsejhrVnRGUVctS25oRHRHU192M0pPaHRJbEdPdEg0amVFVG9Fd0ZpMUE?oc=5,"Thu, 08 Aug 2024 07:00:00 GMT",1,IT modernization,"Liatrio drives holistic transformation across people, process, and technology. Reference the leadership change and offer a strategy session."
2,3M,15,Digital Transformation,Air Force Faces Culture Challenges to IT Modernization - GovCIO Media & Research,GovCIO Media & Research,https://news.google.com/rss/articles/CBMihgFBVV95cUxNN0JWNDNjdm9VQi1XakZjaFo1MUxOdVNTOXpuMVBIM3dJX1QzUWZNSHFMRzgtN0p6U0pHb3RQLWVRTUZLQ1Bsa2F5eHdMb00zOU5iMVZGZWVrRnI4aFlaU0h4dDJaM1FhY1dxUWc4cFp6RUZOUGtxNXpwWXpkWVU3dUFPQU5HQQ?oc=5,"Fri, 23 Sep 2022 07:00:00 GMT",1,IT modernization,"Liatrio drives holistic transformation across people, process, and technology. Reference the leadership change and offer a strategy session."
3,Johnson Controls,12,Enterprise AI,Moveworks Highlights Agentic AI Adoption at Moveworks.global 2025 - HPCwire,HPCwire,https://news.google.com/rss/articles/CBMitgFBVV95cUxOOHFhaEFWOGh4SXlocGRQMjV4QXV6VS1HVzB1NkVIWko1TUVlcXdkNTZYcXN6ZkU2YnFJQU9EZW5UTnE4YTdJcVZDMXowb1JQbmU3LWctSFU4Z2JFN2FrTWRJY3c0RlIwS3pUaGlObUN5VTF2UWpoWV8yYTdGMUZRTUlCcmlZWjdqNlNWRUZFbnhzY3MyNGwwWnRnQXNnVmg0aXhOMm9EbnJzWG1xNUdiOWlhUWxDUQ?oc=5,"Fri, 22 May 2026 07:00:00 GMT",1,AI adoption,Liatrio helps enterprises move from AI pilots to production-scale AI. Offer an AI Strategy Session.
3,Johnson Controls,12,Digital Transformation,"Johnson Controls – Deploying A ‘Business Operating System’ (BOS) To Realize The Full Potential Of Digital Transformation Across 19,000 Users - Infosys",Infosys,https://news.google.com/rss/articles/CBMilgFBVV95cUxQcVA0cTJmUFJBTE1ROWJNVU5NMnV2Rk9wbEo3ZXlpMzI5aU03ZGhobHZTQ3duWmw4Y2ZEWVpQNTl3S3NUTU54UEZmRVZ5cDZHZ0pRTTVFMlFiTDU0YXpxdlIxRGs5aUZ4OEUxVFQyeGxGc1NwdVlhVndjSC1lVFZoYVMta1BYdUI2cUN5MHRhQS1fSHhnMmc?oc=5,"Tue, 18 Oct 2022 00:42:39 GMT",1,digital transformation,"Liatrio drives holistic transformation across people, process, and technology. Reference the leadership change and offer a strategy session."
3,Johnson Controls,12,Cloud Migration,ROSA by Red Hat and AWS simplifies hybrid cloud modernization - SiliconANGLE,SiliconANGLE,https://news.google.com/rss/articles/CBMirAFBVV95cUxOeFlSbGdMX3NNSjllWkd4NG1DMld2N2tJTDY4OG94Z3VfZ0xEcE8xNEYxc1BGLWFpeGs2NEdOY2pMOE05V1o4Nk5PNnNEb2c1eEtsaDZuMVBQempDOXduRVoyeUdxSEpqN0l4aTZMM25KREJEalJ2akNTRHVlWTJVNXhuU2VvWHVfdnUwSmQ2RHVyd2huR0xKeDE3MmNqNm9NNkMtOGtHRDRfenRN?oc=5,"Tue, 27 May 2025 07:00:00 GMT",1,hybrid cloud,Liatrio designs AI-ready cloud platforms. Offer a cloud migration assessment.
3,Johnson Controls,12,Cloud Migration,"Physical Access Control Systems Market Forecast Points Higher Toward 2035, Driven by Cloud Migration and Biometric Adoption - IndexBox",IndexBox,https://news.google.com/rss/articles/CBMi5wFBVV95cUxNenVqQi0wM1NFRGNTbGxFck9KdjQ0aDEwcHFjQkU1RDJ2MWtEckltOVJNa1cyb1NpNTJubkh3b3FIWlVDTktfMjZJWm5EV2FaalVuTnBLUlFxZ2FBRmZzaUJUNTZiMnpZVUZUamhhR0JNOENwb0EtUlVpT3RCaFowSUhYNXBBRW5haVo2NTJZc3Nwa2JDYThJdmJLLUxpQjBRdDI5bEt5U01HUlNlWlNRV1RmWExtUlJxZE5QVW1jY1cxMTRsNXNpU0FLTTNmRTNPSzZlS0p0dkxJUnB6WXgwQVE4RGFCWDg?oc=5,"Sun, 12 Jul 2026 07:21:12 GMT",1,cloud migration,Liatrio designs AI-ready cloud platforms. Offer a cloud migration assessment.
3,Johnson Controls,12,Application Modernization,Johnson Controls rethinks IT for the cloud-native and AI era - cio.com,cio.com,https://news.google.com/rss/articles/CBMingFBVV95cUxOSndHSWRkWlEtcWdZWl9YbnVuYU5IRHlDYzg2aWZOWFBEZGZaQzBwR2pwdnNkQi1va2trTzVBYTJEd3YzakJPa09SX0VfLUN6X0N4enZvSXVZY2RJV1dnVEF5Nl9JUTZFX3hUUDRScnlDakwyNll5SmVMSmdJb0sycVlhVmhNN1RkOXhkZXBJVTliSjVxWWxBV0RwN2k5dw?oc=5,"Mon, 05 May 2025 07:00:00 GMT",1,cloud-native,"Liatrio turns legacy apps into cloud-native, AI-ready software. Offer a modernization roadmap."
3,Johnson Controls,12,Application Modernization,Alibaba's cloud-native innovations in 2025 recognition - SourceSecurity.com,SourceSecurity.com,https://news.google.com/rss/articles/CBMiygFBVV95cUxQMGlfZi1ZSnNFTERwcERLM25qbXcyNVpfY0xpZXJzNmdHRC1YODRoOEdNVldyT095NFhENjJ3cEpkN05ZNF9PcGEzSUJQZkRySEFOZTNMZEZaSFlTSGxDaDc2N0hweWhrMFljRTdtRFhfcUxCdnpjNzdsdFc0ZHo3ZEtodkRLLVVIVm5mLUhVdnBrRTl4ajZGcmRuV0tMczltSlZ3N3pGLThCY3Zwb3BNV1pMaVdrTnBNWFdPYjdfMWhHOGt5Q3ZoTlVR?oc=5,"Thu, 06 Nov 2025 08:00:00 GMT",1,cloud-native,"Liatrio turns legacy apps into cloud-native, AI-ready software. Offer a modernization roadmap."
3,Johnson Controls,12,Security & Compliance,How FedRAMP-Certified OpenBlue Optimizes Government Agency Workplaces - Johnson Controls,Johnson Controls,https://news.google.com/rss/articles/CBMizgFBVV95cUxNeUVscHJyNWVuOU9sZ3czZzFnYkZ5NURtX2VYM2lRZ1NtbnpCa2NfVlNHRlFXc1RwQ3NsVkJacWlYSlNpajJCckVDMnRLQVNiYkg3WDhFWkdFS00xWlFEUldxbzR3UzRPcmxiY0U0UHBZekFMdUZZTC1CdTJkNVVzMHBiS0oxWmZGNHYtS0cwVmRkX29wYkZZMEVJTDBVdzRudnhseTVPclRwMGtQOHctQ09GMkxuWXN3OWxhcDhVZ0xhWW5KeDNyd1U2NUduUQ?oc=5,"Thu, 25 Sep 2025 07:00:00 GMT",1,FedRAMP,Liatrio integrates security into the software delivery pipeline. Offer a DevSecOps assessment.
3,Johnson Controls,12,Security & Compliance,Teleport Leads In 2026 Zero Trust Market - Security Informed,Security Informed,https://news.google.com/rss/articles/CBMiywFBVV95cUxPSlhsckZuTUV4SXZadE1tT3kxa251b2lvaWozRGZnSWREUGRxWEwtajRFX1ZDSTlySXRRLUhvdGZBWXRLNTVLVldZNlp4RjJQZGxacERBVDllLWprbjdBX2ZxYUk2NWREdGF1SXNVZnR6QTE4VkZZYTZKSXhobWs0R20wZU9Xd08wZXN4T1dsa21OWDZ2RHRlUnRQZllDVm41eGV3RkVWa2NRZUpRNUJ6N3hRcUNOWF9IS1NFR0JsRGs2aVlSWHZKa0xsbw?oc=5,"Tue, 14 Jul 2026 16:27:21 GMT",1,zero trust,Liatrio integrates security into the software delivery pipeline. Offer a DevSecOps assessment.
3,Johnson Controls,12,Security & Compliance,Teleport's zero trust platform recognised by KuppingerCole - SourceSecurity.com,SourceSecurity.com,https://news.google.com/rss/articles/CBMiyAFBVV95cUxPZHhMVnY3V3hlOTdnMUFBZG5IZFpxQzF6STNZVHNCMlhyallqZXg1WERGTXROMVp4M2VmV2p0ZWJxbk1IR2F4a0RESVJvdER2V2pFaWxidDN6ZzlzTERhTjNEMEZlaWg3X3c2NW9nMC1IUVAtMHRzWjREcmJJc25Bay0ycFZtVFlwNXpzMVl6TDQ4djhIYjZBY1dZSkhYYVl1MG0xRTBQZU1hMmtpcElLUGJCa0t0WGxXY1I3NlR2WFZNUm5wLWZSYw?oc=5,"Tue, 14 Jul 2026 10:26:06 GMT",1,zero trust,Liatrio integrates security into the software delivery pipeline. Offer a DevSecOps assessment.
3,Johnson Controls,12,Digital Transformation,Johnson Controls Names Sankaran to New CTO role to Further Expand OpenBlue and Digital Technology Solutions - Johnson Controls,Johnson Controls,https://news.google.com/rss/articles/CBMihwJBVV95cUxQaVdMd2lJbkVnN3h3Vlc2VXR5T2RxbUFVb2x3OG1OTC11dXRqVDlhT1d2bkZmYmdpbFdDTjhldjVoVU5jZy1qSDR5Z0dxVWVkX2p0S3FRbWY1aGF4Qnp1aEtpLXhyV3g3TTRCQXExQ2EzUTgtcm16N1dQeHZ0bERaY1BuY0UyMDVTcVByZkVMOE5QN2pqUjRSdDR2Q3BBTGNyVG83cXNjYnduM3haLU5qMU03c3JDeU1jTWlGZ2NTNEM3N0c3WGJ6Mk5VMk0yWmEzQmJieHJ5djdQNXZYVWJickRHbnEyUGtYamRMQTl0U1liRlRKQ3doTndmNzdiSk1MSEdmOUlYNA?oc=5,"Tue, 11 May 2021 07:00:00 GMT",1,new CTO,"Liatrio drives holistic transformation across people, process, and technology. Reference the leadership change and offer a strategy session."
3,Johnson Controls,12,Digital Transformation,Johnson Controls Hires Former TD Ameritrade CIO As The Company’s New CTO - Forbes,Forbes,https://news.google.com/rss/articles/CBMivwFBVV95cUxPOWkyeF9fY3BQSXU0VXlSX29FMTRSaVJDZUZQZDJ4V2gwX2dFaWt2Ym5KdklTZ2tKU0xJYjh3UDZickxBamo2alE5eWpYSlZnX0dxMjZVYTFsMnd6ejhDeU9fSnE2QzUwNXlrQ1VKVDN6THFaOGNWMmc2SWVOZjlXOVR4amtkWWFDb3JfWnpOOE1FSkZQZVBndmFOR3ZSMEgwVVNzQk54UXNUZGNrYTJrVmYxeXdyaXpGVWE0d1BCRQ?oc=5,"Mon, 17 May 2021 07:00:00 GMT",1,new CTO,"Liatrio drives holistic transformation across people, process, and technology. Reference the leadership change and offer a strategy session."
3,Johnson Controls,12,Digital Transformation,Johnson Controls names new CIO - BizTimes - Milwaukee Business News,BizTimes - Milwaukee Business News,https://news.google.com/rss/articles/CBMiYkFVX3lxTE1LUy1XU0w1Mk92SkEycldiTmFYbEFra01zQllBV3k0Z1FWZmpYQXh0Z0hwakFhRXN2eTdWQnYyZ1Rmc3l0VGtDLWVpZVpZemZLcUlxQ19LQ01vd2lmdXRyVmFB0gFqQVVfeXFMT3Q0LWk2dEt1cHRlNVY2ZU9CcXN4d3ZkSE80bkRCdy1rMFFmQl9mSFREendHbUprdHUwS3lVVEZQQ0p1Sy1tTlE4TW4xdDd4SE1zelJXUUtadkZ4NHpUZzVHYkdZNTd5bXpBUQ?oc=5,"Tue, 03 Apr 2018 07:00:00 GMT",1,new CIO,"Liatrio drives holistic transformation across people, process, and technology. Reference the leadership change and offer a strategy session."
4,Honeywell,11.5,Security & Compliance,"Identity, Zero Trust, and Secure OTA: The New Baseline for IoT Defense - IoT Evolution World",IoT Evolution World,https://news.google.com/rss/articles/CBMiqAFBVV95cUxOb2JrMW5qX3BGMnZ3RTdta3g1MVBFbGQ1eXlJZlFZQU1RZ1RGbHh5TWhnbXIzOEFoaU5oYmlyQ0tHeGFZalRKTVpFTThPWWxtVnNLQlh1WnBXZnZCSllhRFk0eGh0V0pWMVh5aVo1WHFYdzFoSXlrcU5EVXMzb0JhWmNPYlBNMlFKM01TbEFLeDBDVGhuTXVBcGhsOGtFZWg5S1duTU8xaEo?oc=5,"Wed, 11 Mar 2026 07:00:00 GMT",1.5,zero trust,Liatrio integrates security into the software delivery pipeline. Offer a DevSecOps assessment.
4,Honeywell,11.5,Workforce Enablement,New Zscaler tools promise safer Agentic AI - Manufacturing Today India,Manufacturing Today India,https://news.google.com/rss/articles/CBMic0FVX3lxTE11S0QtSHRGRl9PV2p0TlhVWVluYmZTOWdMVmJpX0VWYkxlblBIYW1XMTV1NkNTUHN6RFQ5amNqaXNodTg1VTZlaHlGc2NLbUFHS2w1NUdsNVktUldCeWtpM0RTQWVtTTN3VjlRZkZBVnRYNnM?oc=5,"Thu, 11 Jun 2026 07:00:00 GMT",1.5,SAFe,Liatrio coaches engineering teams to become high-performing. Offer a team enablement workshop.
4,Honeywell,11.5,Digital Transformation,Honeywell Helps Seco Energy Accelerate Digital Transformation - Honeywell,Honeywell,https://news.google.com/rss/articles/CBMivgFBVV95cUxQRlRYTk5yVXRXcERPOTQtWTZuZnlLeHVkb3hjUGF0ZDNubm1IT3ZVVlV4WUVTcG01a0luRkRNVTg5SjBCUXN5Qkk4OHdwRnpZLXk5ak5FUkFsaUNTbVpDak95a0w3WDRGLWFpYWNTdHp5VG5tOUN6cW1Iei1HNlpCNUpVbGs2QzZDRHBfSG9XekNPZHZ0ek9xRXd1Sl81aFVNbi1aZzFNSGtNY2hnbjV1Y0JsSk1fZGJFd3prYUZ3?oc=5,"Thu, 20 Feb 2025 08:00:00 GMT",1.5,digital transformation,"Liatrio drives holistic transformation across people, process, and technology. Reference the leadership change and offer a strategy session."
4,Honeywell,11.5,Enterprise AI,Stories of AI adoption: Honeywell uses agentic workflows for autonomous asset optimization - Smart Industry,Smart Industry,https://news.google.com/rss/articles/CBMi4AFBVV95cUxPSjI3Ni1GWkRNcE05TkZWcjl2anhicXMtQ0RFRzJJT3B6akVnX1Y3NTdLX0pJQlh4bWt0TVBybGtxTUNzWGlBSUhHNDFhS1NqbExVNlZpWjRLdW9hQWdkMmJMRy14cXZvUHZ4aEg2bW1tSXVGaGxuMEdPUGlVREszck9mZENRZU1iM0p3RFV1aVAzRk9CQVo3QkFmY2k0c3JaaEx0VnU2TExVb1dXVVo5WXU3ajZUVkFpbWVaTUUycjYxSG1aUHl5NjBZNDZJa3UtRmJUWE9iTjcwWnNFRlYyNQ?oc=5,"Thu, 16 Jul 2026 12:04:31 GMT",1,AI adoption,Liatrio helps enterprises move from AI pilots to production-scale AI. Offer an AI Strategy Session.
4,Honeywell,11.5,Application Modernization,October/November 2021 - Meet Anthem: Honeywell’s First Cloud-Native Cockpit System | Avionics Digital Edition - Aviation Tech Today,Aviation Tech Today,https://news.google.com/rss/articles/CBMizwFBVV95cUxQV0hMLU90a1k0dzJsUEc2czFYWmdRVGpzdXA4NW9zMnp6Y0pTemRENnBnYlRKQ2JhdUpqeTJheDVzYXU5c2ZNbmVpRTZNbWRzcVA1ZUJlR3FSVTJUemZPZFBHYVAtcmd3elRNTG9YSVRfc3dIQ0UwVnZ0RHYtQjdCd1A1NDlXNXp6c0hOUm5rRkhqdU9kR0lhLVhiU0NJb2xTaDNSVGJGbk9acEhHR0RnTEgwcXVkeG1XOXJSdTlyWlJLd0hMc0JURHFOdmh1TDg?oc=5,"Thu, 07 Apr 2022 13:35:50 GMT",1,cloud-native,"Liatrio turns legacy apps into cloud-native, AI-ready software. Offer a modernization roadmap."
4,Honeywell,11.5,Digital Transformation,Honeywell prioritises pragmatism in digital transformation - Mobile World Live,Mobile World Live,https://news.google.com/rss/articles/CBMiogFBVV95cUxQVnBhaHBNN0R3ZzZMZlJINHNZSWttQ3RPbUtjVTBXMG9DbWhxczhGal9vRFpWVVJQMWtDbzkzdjY3NG0xZTBDaXp2QVJYOGFnQTB2ek81b2djRjdMYU5jWERGcjVuQ3U3cHdIazYyVzlXS0taUWw5djJ1V3NzVXhYVFo3TC1Qc051dWhYRkdSMTJLSy1NdXViRUVTU2lxM19vaVE?oc=5,"Thu, 18 Sep 2025 07:00:00 GMT",1,digital transformation,"Liatrio drives holistic transformation across people, process, and technology. Reference the leadership change and offer a strategy session."
4,Honeywell,11.5,Digital Transformation,NEW HONEYWELL FORGE AI-ENABLED SOFTWARE SOLUTION TO ACCELERATE DIGITAL TRANSFORMATION AND MODERNIZATION OF UTILITY GRID ASSETS - PR Newswire,PR Newswire,https://news.google.com/rss/articles/CBMijwJBVV95cUxQUXZlWkZsdUVfc3FXQklDYXV3RFQ1QkU1ZVhTX0xCdk1lZHd0a3lsTHFjdGI4enZyN1FxX1duUnc2R2x3X2g2NGJfYUdKbUpOYmV5OHg4dGltU0xqSXQtNzRkM0tpVTNlY01vMEZCSU9UaEFNNktwR1g4UEp1TmsxeU1KUTVnRTJPSHdTUXFhbjNXM1dQYUtaalB5cGU0bkg4RTFaQ0ZHTVJCendJT2lkUkRMTHNuZDhYVkFyV2pBdDhCMHN0amFqSk13UEpsa0hoMlJMVlVJNm5keE43SWxicDBmNmN2ZHgxLU5WTGd6eTlxWF85ZlcyZmlNTjc2N2ZuNGxfUHZKSEo1UERmV3JB?oc=5,"Wed, 29 May 2024 07:00:00 GMT",1,digital transformation,"Liatrio drives holistic transformation across people, process, and technology. Reference the leadership change and offer a strategy session."
4,Honeywell,11.5,Digital Transformation,A look at Honeywell's digital transformation strategy - TechTarget,TechTarget,https://news.google.com/rss/articles/CBMitwFBVV95cUxQc0lXdEVuOURPaFRVVG10OThhSjNXNS1aN3dZajNvRWRRYmNQSFNLZ2g5VmFueF9BTGRxV2doZUNGcFo3MjRfdWxIVXdiSjI5Q1dIc2JkYkVXOG04MV9BVkM4MkxJNHpsdm9QOWFUc0JLRVk3X3YyekszckZKZzVMcXAtUl9iUnlEcE9Ed1pQRGk4TmpqYUdERXlFOV9mWmQ1eXpQQlExeGdicWJGSkNCVDdGb2FSRnM?oc=5,"Fri, 03 Dec 2021 08:00:00 GMT",1,digital transformation,"Liatrio drives holistic transformation across people, process, and technology. Reference the leadership change and offer a strategy session."
4,Honeywell,11.5,Workforce Enablement,Opsera Named a Leader in the 2026 Gartner® Magic Quadrant™ for Developer Productivity Insight Platforms - PR Newswire,PR Newswire,https://news.google.com/rss/articles/CBMi7gFBVV95cUxOZ05od3hXMVpFS0paTzFpWE8wUENCVFc4VjloRHMyVmM0aWVZZjN5M3NUX0NLNjk2eGwwWFlJS2tfblVxaFJ4Z2tYaUYxSnh2MlQtN1FpcWVRc2dNTlVZTFVRWTJrazFmWkNkWTROa2g5eW5ja0stQTVkTkcwQ1BUUU5tY2czNXBfeHdJaUlsR2RlRWk3UDJlQm9jNHY5c01DR2pUYVdhTVpicHZwUDh6a0d3M2sxMnJSWWVVQlp6RTdfamJyVG10TUlkQUlJNnVSVDBQUklkeEJKd0tzbF9iOVlta0tVTTY1Sms1QXd3?oc=5,"Wed, 13 May 2026 07:00:00 GMT",1,developer productivity,Liatrio coaches engineering teams to become high-performing. Offer a team enablement workshop.
4,Honeywell,11.5,Workforce Enablement,"StarCRM moves from AWS to OCI, scales new markets, while improving developer productivity by 40% - Oracle Blogs",Oracle Blogs,https://news.google.com/rss/articles/CBMi1gFBVV95cUxNaEpHbmx1MGw2Zl9PZUpWbHQ0UXhrbXdLLWdZWnhrZ3kxVHBTd09oTGlLUXlpX1hrYkJaMWxKWXJROWQtcFgtbWhDRHByejlnR0FZWU93cW5HQ0pXajE3dVlDeTJYWHM0bTA3NzRudDVWc1MwSFlncmJJZFRMQkFMdHlYMzE1Si1ucmZ1bjh0bkdRbzR6eFdkZjNpcU9TWk9BQ1hpdmJGUThDdWdpbDBjUUg1aDJpSFd1dGE3SGlLcHhMNWx4OEJPS193VTJsbkdhbU5zQ3VR?oc=5,"Tue, 31 May 2022 07:00:00 GMT",1,developer productivity,Liatrio coaches engineering teams to become high-performing. Offer a team enablement workshop.
5,Rockwell Automation,11.5,Enterprise AI,ROCKWELL AUTOMATION TO ADVANCE INDUSTRIAL INTELLIGENCE THROUGH EDGE-BASED GENERATIVE AI WITH NVIDIA NEMOTRON - PR Newswire,PR Newswire,https://news.google.com/rss/articles/CBMi9wFBVV95cUxQWUlYUEJ6Ql94MzAyMDdDQW5BMnVaY1VVbXpyTFhadzlTYXVCRHZNOXhxbllDSFE3NEdkcDg4VUw4WUhkVVZMeW5DM0lkS3pCcVRURy1QX0RQa1RZTkI1clNKbG1BX1VNZDIxVGRwNVB3em5EcHFnLWR2YWlGSVJzeWVsd1hQSVlZZGUwelBSMzViZm1FLWRPenpPMmtBaHFyX1JjM29UTnhmSHVqaFVIMU1yWEpYM3A4eEFNcUVfS2xjVUVlM3FSU0pUSnJVU0hYUTQwd2NmUExZaDQ5X3lHQU5Ub2g1bFRDNXpQbks1MVZxT01Fd2dJ?oc=5,"Thu, 13 Nov 2025 08:00:00 GMT",1.5,generative AI,Liatrio helps enterprises move from AI pilots to production-scale AI. Offer an AI Strategy Session.
5,Rockwell Automation,11.5,Enterprise AI,Rockwell Automation announces new research showing UK manufacturers shift from AI adoption to industrial execution - Plant & Works Engineering,Plant & Works Engineering,https://news.google.com/rss/articles/CBMi0gFBVV95cUxOZmt4T3BPSVI3TTRkeWhRZDgwMmZld3ZabVlOWmxQcS1hWXhMMDBhRWZkQnByUUpCaThpQmhMQzRIZEd2RFN0YkVtWEtQRi1paElfUkhmX2tfUWtDTUwwajBuOWxqcUFiZ0dDYnVMU3l4My1tVDdzVHFnNVNXU05pY2EzdElIQ3hHWmYybURhSWZNcVJkREljaGV1WW4zcGttMDhObnU4V2l6WXJkX3pPb3RfWW42Wk55bm4zbzdDMjlTTm9NRVdUM3JrdnJYWFFRUWc?oc=5,"Fri, 10 Jul 2026 09:04:05 GMT",1.5,AI adoption,Liatrio helps enterprises move from AI pilots to production-scale AI. Offer an AI Strategy Session.
5,Rockwell Automation,11.5,DevOps & Platform Engineering,DevOps tools deliver source code quality control to industrial automation - Design World,Design World,https://news.google.com/rss/articles/CBMirAFBVV95cUxQTTROcTA3Y0pPRU9CS3JhczkyX2ZGYWpHVmU5VVRTTXhYbmJxWXktQ3JOZ2V3OC0wV3dhYndwRlpOS2pQc1B3ZUJVVU82eURGaWZIVWlBakdJWXRpWjBMSEpCdjFvSGo2V3l0MVRmanNvNnplYjVYaG1maUJmZDdRVE5RNHFrYmNoc1ZVZmc5ejBsaVd5QWUwWGVBOUNITzZha1ZTVE92ZXg4WmpC?oc=5,"Tue, 14 May 2024 07:00:00 GMT",1.5,DevOps,Liatrio builds internal developer platforms that accelerate delivery. Offer a DevOps maturity assessment.
5,Rockwell Automation,11.5,Application Modernization,Rockwell Automation targets LatAm SMEs with cloud-native manufacturing platform - BNamericas,BNamericas,https://news.google.com/rss/articles/CBMiugFBVV95cUxQWDJwRm5SV3RfSXo5ZWtwelJub2tMeG42NUdKV2p4Q2xxQlVPV2hyZUFjWURlcnVwYTEyQ2I0RDdKdWR6RjJJNTFVRzhMUVowclM3LWJOcXBzUEhKLUtKVEZaUmhwMldTZEVNTmZucEpJRTVIbmpjcmxqQjg1dXJpbEN1TlhVOEtULXFLdjhMM25mejN0enljVU0tTEE0U2JqYzdjUTZMM1hXVm9YYTBsbkZ1OWR5V29hemc?oc=5,"Wed, 23 Apr 2025 07:00:00 GMT",1.5,cloud-native,"Liatrio turns legacy apps into cloud-native, AI-ready software. Offer a modernization roadmap."
5,Rockwell Automation,11.5,Digital Transformation,Rockwell Automation Announces Middle East Manufacturers Accelerating Toward Global Leadership in Industrial AI and Digital Transformation - Process and Control Today,Process and Control Today,https://news.google.com/rss/articles/CBMi-gFBVV95cUxQam1wRVNlcGZiSUprZjRGem95bXNqa3lNRU5nMElaN0ZQbzR1ZUY0S2FJd2FfX0xZcDU1NmF3TGd3dnVQSzNiRmhVaG56S3B4RlpyeDJNY1JHUF90R3o1UXI3SmpJaGt0MTM4WHg3OFRyNEhOMTBFZElxR3lzUVZBOUtVemd0LWp2aFowV1BaWWNfUzczYnhHbGpVeGJocGpTMFhHMldwbU9zampzYXI4SGZ2a2lvVjc1Z010UGYtR0FoT1RsSHVxS04yY1k2SzVYTGFlUzNlOHRnTU9FMTdHRmVFMTRucTY2ZjFNVU5KaU90YmRKSURDRHRn?oc=5,"Mon, 01 Jun 2026 07:00:00 GMT",1.5,digital transformation,"Liatrio drives holistic transformation across people, process, and technology. Reference the leadership change and offer a strategy session."
5,Rockwell Automation,11.5,Enterprise AI,Generative AI in Oil & Gas Market to Surge: CAGR of 16.9% Expected by 2030 - GlobeNewswire,GlobeNewswire,https://news.google.com/rss/articles/CBMi3wFBVV95cUxNdlY4cVNVbWFiWUhDb3RINkZ1ZUgzVWtrdEdWUDF6eWMySmhUX3pKNXFzczVsV0czcUpSTjMtcFM0TzRqMU1ZNmlGV2lIOTIzbmtSYTdEV04zeDdIRVZPOWpqYVdxMnB0MTRISmFTRXhXQk9IVW1paUlabGtfWmNZZnYtSVlvU1dwYkFnSUFQSFNvcldRN1lBR1J5bTEtaEd0aXdJM2w0R21GQ1oxTmtzQUhHMEwzM1NBTXoyc3hKTkNfYVBFTHVQdXBtSWtpekNjYmlTUlp3V1o1Wlh2UzZN?oc=5,"Fri, 10 Jul 2026 09:45:42 GMT",1,generative AI,Liatrio helps enterprises move from AI pilots to production-scale AI. Offer an AI Strategy Session.
5,Rockwell Automation,11.5,Application Modernization,Rockwell Automation goes cloud-native on Azure to bring modern software development paradigms to the factory floor - Microsoft,Microsoft,https://news.google.com/rss/articles/CBMiuAFBVV95cUxNenRQR1RCcVZmOGJRN0RicXR4dEJnb0JoZGxDd1drQXlxbVlXZVlDRURBbU9CUjBSQ1lTSTExaEpJQ1hHbEVCVFd5cVRjVjAwbmtuWXBvYmFUcjN6UHMwOU9iRDh5Q255SUpnWkx0SlBlQ1poUmo2ZXlvMkdBa1pOVm5kSzhHU3k4aGw0UlJhZEdWSmNSRjBhTm5Ic2lCVFRVVDVLcEhYVi1mdlh1TGJIUTRIN0ZfSllG?oc=5,"Mon, 02 Oct 2023 07:00:00 GMT",1,cloud-native,"Liatrio turns legacy apps into cloud-native, AI-ready software. Offer a modernization roadmap."
5,Rockwell Automation,11.5,Security & Compliance,Determinate Systems Achieves FedRAMP High Authorization Through Partnership with Knox Systems - AOL.com,AOL.com,https://news.google.com/rss/articles/CBMijgFBVV95cUxORnpzcFFTbG1CS3owTlRWaDItdHEzcXhsMjRMOUlUcGU2bFQ4X1lZc0xTQllZZ3dpekdoaUNwbG5aNTBiX1JMcC1kc0hReWZGcVpNenVtWHZXS1lTamYtV3hrUUJhSlg3d0VXOVpPVTViUTlnX0ExOVZvdWtuYmZ0dGlvb2tTejUyZDJvaFln?oc=5,"Wed, 15 Jul 2026 13:37:27 GMT",1,FedRAMP,Liatrio integrates security into the software delivery pipeline. Offer a DevSecOps assessment.
5,Rockwell Automation,11.5,Digital Transformation,From Singapore to the world: How Rockwell Automation's local innovations and digital transformation are being scaled as global best practices - Singapore Economic Development Board (EDB),Singapore Economic Development Board (EDB),https://news.google.com/rss/articles/CBMiowJBVV95cUxQb0o5M1k4ZjVsTWhRR25INlp4QzVZRE5WdURjYThrc015SXFpWUZvVUlPLURBd1ZiU2E5cGdJZnFXZ0xNc2tBX1A4WkNWRjNlUmxRTGx5TUl0ck4ySEVEY2tZb0NUbnc0dkZUejhsZ3BQcURjZ0FuQWxwbFZRRUZsV3lWSmN0YzBGUl9jeFZ4RVBQMFdjb0Zaby1iVURyWXhITlhhUXc4X2Rmc2tacHNPa3BjTmpkWEIwZGhWR0o2anp2cTk2OEs1ekc1VmltQjNvZzZObU4xVmlfTUVhdFk1Wm5HX1RCQmlReks4LXRrcVlTR2ZBbnljNjZoUjJiMkhkaGNFYnVaNEMtaHBnUXVRekNMTmM3UEhxSFRFX2YxZVN1ZjQ?oc=5,"Thu, 16 Jul 2026 11:59:35 GMT",1,digital transformation,"Liatrio drives holistic transformation across people, process, and technology. Reference the leadership change and offer a strategy session."
6,General Electric,11.0,Enterprise AI,GE Aerospace Completes Design Studies of Hypersonic Ramjet with Generative AI - GE Aerospace,GE Aerospace,https://news.google.com/rss/articles/CBMiuAFBVV95cUxPc3lscXVhOUM0a3hsLTl1T0M0UHZfNVVPb1hGLVFGVTNPblkzU1B2Q0FRSl9ZQm9FYzlJSVdYTEY3VVNLSlBndUNEX3F5RUVTclVxRlFZM0o3UTk4YTlwa05NM0NuaWJ6dnRhbE1RTV9zbU9lTnR0SjZwNDJsSldEcXRybkJVYnkyd2ZzYjhLWU1vQ24zU196V0RTUEdUQjhlamIzUG1INzN4MmxqOEUzR1BVNjhlVjNk?oc=5,"Tue, 19 May 2026 15:56:18 GMT",1.5,generative AI,Liatrio helps enterprises move from AI pilots to production-scale AI. Offer an AI Strategy Session.
6,General Electric,11.0,Digital Transformation,Digital Transformation of Energy Accelerating GE's Digital Plans for Power Industry - General Electric,General Electric,https://news.google.com/rss/articles/CBMitAFBVV95cUxON2NmNW9lSVNhd1ZiSEtQM3IycGJtdWxGQW9FNnVaOHhGTnNIZnpBR0NjcHdXOEpsWGtqeFUwczRkbUQ3elZZUmZkdHJTejhPR3I4c25TN21vWVBsRWswQ2ZHRDdEZUJ0TGs1cGdVUi0zQ0laX2VWZkVBT09JSzNxNGxIZ0RTMTRRNnpBOEg5Mlh1cUxPUkZFNHlrcVBWV21XT1RNVDFPM25YUkphLWdQZVNtTmk?oc=5,"Wed, 24 Feb 2016 08:00:00 GMT",1.5,digital transformation,"Liatrio drives holistic transformation across people, process, and technology. Reference the leadership change and offer a strategy session."
6,General Electric,11.0,Strategic Signal,Power Generation Market Capacity Expansion & Forecast 2035 - Market Research Future,Market Research Future,https://news.google.com/rss/articles/CBMif0FVX3lxTE52V3pDUkNjNFlNTU1qMFJRZ1VJN1Uwa3oxR0w0UjloZlBENmwzY2JZa0FFUzl6d284SHBZZDc2Zlo4WVByWFRaMjB0NU1xOFV2Y3ZDWmowZmd0Z3p3ZFFrcXpkcWhTaXRiOTM0RVFNaXBMc3dCLXloQTByMUM1TUE?oc=5,"Sun, 15 Mar 2026 07:00:00 GMT",1.5,expansion,Company is investing in technology. Position Liatrio as their transformation partner.
6,General Electric,11.0,Digital Transformation,Royal Jordanian embraces digital transformation with GE Aerospace flight operations software suite - GE Aerospace,GE Aerospace,https://news.google.com/rss/articles/CBMixAFBVV95cUxOcmMxeHNPT0J2eGU0Y2ZKSWRJNWlySXRMbzctcEpKQW9US01UVjdnd2ZHTHRxQ3RoYUJFM0g4YzQ5YmFRQ1pJd3dVTmNMX1pQUWNOR0lPVEJpN0xUWHlfTUJoUHZBRWtGXy0tUW1tMkFmWGt3Mm9NWTRTYkZ1ZWFRQ1IwZVFLVXpMeWhtcUluaURSV0x3b1o5a2RldDRKMnJISVlHeEo2N2R4Zk5HcWJYOFFMYU9FamVKR0VnX2FhVVBKYldq?oc=5,"Tue, 08 Apr 2025 07:00:00 GMT",1.5,digital transformation,"Liatrio drives holistic transformation across people, process, and technology. Reference the leadership change and offer a strategy session."
6,General Electric,11.0,Enterprise AI,Exploring the Rapid Growth of the Generative AI in Automation Market: A Deep Dive into Trends and Projections - GlobeNewswire,GlobeNewswire,https://news.google.com/rss/articles/CBMijAJBVV95cUxOZGcxTVJiZWJqLVRNTW5GeHJWdG0zVDBlUG83V2l6MkZlbF9LeDNzRTZGS2NITjNkNTM5ZVFKTUFXang1QmVEcWx5aktfcWhvTnRqYTdYbFZJMGp0dzZqQ05heG95T3pZQUNFOTFHMTJRcHk5Y0d6REFGdlNpQlVqRDJsOG95c3RTT19XYWFfTGNyN2ZsTG11NVBwTW00dkRvQWxCNldRUlVaSUZxVDcxN25QbmlrMDFmMVNWWk43U3lQRkFYUW5CSml1X1doU081MlZDVkwtUFVvTUlpWFNQYzdPb1pMT2cyX3FuZnByX3p4TW9GYUFmVFBwTF9LMEp2eTNodWFvd3gtSHNW?oc=5,"Mon, 13 Jul 2026 08:03:42 GMT",1,generative AI,Liatrio helps enterprises move from AI pilots to production-scale AI. Offer an AI Strategy Session.
6,General Electric,11.0,DevOps & Platform Engineering,Bot-Driven Development: Redefining DevOps Workflow - DevOps.com,DevOps.com,https://news.google.com/rss/articles/CBMie0FVX3lxTE4wRlZuc2t4NTZ0cE5CeVdIN19Yd0lqMHRpMUpiLTZpYzFkNTNYUGY4NFhQWHI4Z0h5cXF0ZkJWYnNmNFU2dWF3ZjVYS01JX0Z1VHdqYnNZOFFkUFdsT29hVlF6SDU5bTItcWN6eWUybXllMEpQcFQ3VklhWQ?oc=5,"Tue, 03 Feb 2026 08:00:00 GMT",1,DevOps,Liatrio builds internal developer platforms that accelerate delivery. Offer a DevOps maturity assessment.
6,General Electric,11.0,Application Modernization,Accelerate Operations Technology Data Insights with GE’s Cloud-Native Proficy Historian - Amazon Web Services (AWS),Amazon Web Services (AWS),https://news.google.com/rss/articles/CBMiuwFBVV95cUxNUXU1MTFfbGJYTU51SVR2NGtfSWx3NDdteS1uOEdJODBoa2xuSkszaHJLLXBFUTZGSmM1NERCenNhNFB3NENqN2trNTN0QTdhM0hBRU1fNDlIWkhPRFBPQTFCcExyajdNQUpLNGd0Z2x0V1pzbnl4dW0zd0RoX0xHcXBSbFVrdmQ1N25hVF9MZ1UwRGp0MHZlQWdZWkt4NkVOajA3YkNmSEZhWndGeHpHQVlCcjRUUmoyNHZZ?oc=5,"Wed, 20 Sep 2023 07:00:00 GMT",1,cloud-native,"Liatrio turns legacy apps into cloud-native, AI-ready software. Offer a modernization roadmap."
6,General Electric,11.0,Digital Transformation,Lessons learned from GE's Digital Transformation Failure - Intelligent Automation Network,Intelligent Automation Network,https://news.google.com/rss/articles/CBMiuAFBVV95cUxPRVBidzlIUnhZWWdzRTBRRS1kbVQzQWhMb3EwTDZLVmZQVEYwdEhEUkg3NTRuTGIxUUExWVhHcWY4cGtyUXQ5X0xycm9TbWhoY3VlcUtOd3d5Qml0WE11bjByZzdMM0JaNEZmODF6QmJad21HeGUzT0ppaEhSYjUweW1wN1VNRGhwSmE2bmRxalF1bHZGQkdzQWhpRmNPMWVLUGNVaGdIWHlhZnhYaFRBVnBtbTBsNkFv?oc=5,"Tue, 08 Mar 2022 08:00:00 GMT",1,digital transformation,"Liatrio drives holistic transformation across people, process, and technology. Reference the leadership change and offer a strategy session."
6,General Electric,11.0,Digital Transformation,How AI And Machine Learning Are Helping Drive The GE Digital Transformation - Forbes,Forbes,https://news.google.com/rss/articles/CBMixgFBVV95cUxPeVl1XzdlTnUyN21pb1hEUUoyNXlVeXBGN3ZzZUlBcDY5bHNCNHViTWczWDkwWlBpVHVnbTE1M0w1bFNsbkJKUElxMHVoUUJsSFdMdHlEOEZTSW5yNkFmNmowdnBaMzZ5akt3TllWY1FkaW1uWEM3X3Q1MHQ3WjRYa2RDamM0Z3ktbXVheHdoSHVLeV9PbUltZGhIVEJmdUs1YndqN254M3lQZUlDeV9KdWJlckhrLWNYTWtaVzlEWnNyNkJjWUE?oc=5,"Wed, 07 Jun 2017 07:00:00 GMT",1,digital transformation,"Liatrio drives holistic transformation across people, process, and technology. Reference the leadership change and offer a strategy session."
7,General Dynamics,10.0,Security & Compliance,GDIT secures $120 million task order to deliver zero trust for global US Air Force bases - Industrial Cyber,Industrial Cyber,https://news.google.com/rss/articles/CBMivAFBVV95cUxNVmk5dDhNU20tbTdZVWp1b3VCck1iY1hNMmFpd1FVMVh3LUtIZGg0NWV0dGExMmVJZ0xtNERnR1QzTkZGakt1SjZibE5HQ2x1aEkxcjJuVnRwdms3aUZKS1ZMV3VJeXJOUkhXX1NOWi10VzhDQ0xsdlRaM0JpWnhHR05yNkFYVWw5aUNuVm45N0EwQkRyTmtUUTBiRjdwdGFjV1pzcEVzQ29uMTNDRXBIRkt3QXIxcHBGZUlSNg?oc=5,"Thu, 15 Jan 2026 08:00:00 GMT",1.5,zero trust,Liatrio integrates security into the software delivery pipeline. Offer a DevSecOps assessment.
7,General Dynamics,10.0,Digital Transformation,General Dynamics wins $922 million contract for CENTCOM IT modernization - Breaking Defense,Breaking Defense,https://news.google.com/rss/articles/CBMirAFBVV95cUxOQTRRbGpyN1JrZnE2cXNRanQyYUV6V3FZSHJrb1ViS053akg5cThSbmFwbkFXS0pzVFJ4RGF4ZkJiR1Vqemt2Tjdtbmd4TW9LOXVCREpkSGppbHVFNWlDZTgwbUxpNko2dEIxQlF4WmdsQXRRQmJsRkszMDV4b2pPUlV6UVI0RGFZM1RFa1JkRW9EZTZUMUtQcGNrQUZFVmpkNm1BRGFnS3BfMFl3?oc=5,"Fri, 29 Mar 2024 07:00:00 GMT",1.5,IT modernization,"Liatrio drives holistic transformation across people, process, and technology. Reference the leadership change and offer a strategy session."
7,General Dynamics,10.0,Cloud Migration,General Dynamics IT takes multicloud strategy to the next level - cio.com,cio.com,https://news.google.com/rss/articles/CBMipgFBVV95cUxPd1ZBR3p2VmpRc0ZQSmZldzQwbGxITEtuZm5jZUdOdzZoZGZTNENXYXJ6TzFpNDdSUHZEVEM1NDRKR0dnVWQ1TXI5S0xrbGdrNHV3NGJHcjkzWEI0TGw2bDNRdGFKNUt4clpZM3lnUktZd3JLWGg1OEhlVlpDd3UxTTVUWHlqeGwwVW12YVdSb1loQ3MxaktkWTFORmFQWW5NcldDSE9R?oc=5,"Fri, 12 May 2023 07:00:00 GMT",1,cloud strategy,Liatrio designs AI-ready cloud platforms. Offer a cloud migration assessment.
7,General Dynamics,10.0,Security & Compliance,General Dynamics IT books $120M Air Force zero trust contract - Washington Technology,Washington Technology,https://news.google.com/rss/articles/CBMiwAFBVV95cUxNWnNQdVhNaFhRalN1XzR2bGY4bGdQM25fNkh0NmJTV2VEMm1MOGhkQS1OTHpHMEdxUXhPbjlWbDU3c1hOWmVGVmhJZFZOZDBNU2RTaUxTQl85bFFDZ0ttYTc4Y2R3YzVKTFN5NEZFeUZkQS1ib2xTajQxQ1ItbU5Fd2tZVWxHOExTQzRwTnBPY3hORVdyR2U4Um9uQjI3QTZrMU1HSTYydWZKZUJtcmV1RzI2QUFwMnFsbWgxaU0yNk8?oc=5,"Thu, 15 Jan 2026 08:00:00 GMT",1,zero trust,Liatrio integrates security into the software delivery pipeline. Offer a DevSecOps assessment.
7,General Dynamics,10.0,Security & Compliance,GDIT Books $120M Air Force Task Order for Zero Trust Delivery - GovCon Wire,GovCon Wire,https://news.google.com/rss/articles/CBMigwFBVV95cUxNR2lsTkctNXFyNFNXakhrZG1iX3Y0aVNtUmZOeUtDV2xYS0RvS2lhXzcxUUR5Qjhfdl9sZmVWbFgzX0o1UG8xSlRCUWZ6MmYzQ2kyLUZtaVIwdnBKWXFPVjFtcW1YcjlLWHlqMzlEN1RKdjZLZkhXVXVkX2hfd2U3ZTdjaw?oc=5,"Thu, 15 Jan 2026 08:00:00 GMT",1,zero trust,Liatrio integrates security into the software delivery pipeline. Offer a DevSecOps assessment.
7,General Dynamics,10.0,Digital Transformation,"Stax Payments' C-suite revamp: New CTO, COO and CCO - FinTech Futures",FinTech Futures,https://news.google.com/rss/articles/CBMilAFBVV95cUxPU2w5WG5Zc2tBdVdwcC1FeUhtbU9SMGcwajlBMS1rT29BVFp5YjVLMWxIemhGaHppSE05aGUtVVhmaGVXcG5XNC0tTG9JRDZSYUhZVHBiQUJjcV9PSmlNNE9idkxqSTF6X3lkbG14aG92QkF0UWx3UFJfQndpd3owQnFCcDh2Zm9FdjNZS203Vk4ycjZj?oc=5,"Thu, 19 Mar 2026 07:00:00 GMT",1,new CTO,"Liatrio drives holistic transformation across people, process, and technology. Reference the leadership change and offer a strategy session."
7,General Dynamics,10.0,Digital Transformation,Leidos Secures 4 State Department Awards Supporting Global IT Modernization - ExecutiveBiz,ExecutiveBiz,https://news.google.com/rss/articles/CBMifEFVX3lxTE9aYU8wYVBzRUwyRkxhVFhicVBpbU9tTVh0WFVzZEgyZXNsLU1VRTBTbTZVMk1XLVpjRDlzVTlET2hLMmVxNjBBdk5GMW1GQXJYYjA3ZGlXMEUtUnF0TlJnSV84eDRZU3oxbC1JZWpEMHU4NXBtd09IZVk0b2o?oc=5,"Fri, 22 May 2026 07:00:00 GMT",1,IT modernization,"Liatrio drives holistic transformation across people, process, and technology. Reference the leadership change and offer a strategy session."
7,General Dynamics,10.0,Digital Transformation,GDIT Awarded $1.5 Billion Enterprise IT Modernization Contract to Strengthen U.S. Strategic Command's Operational Readiness - PR Newswire,PR Newswire,https://news.google.com/rss/articles/CBMihgJBVV95cUxQdk9INFpNRWpLdFpXQjRSb3BDUk51MkJSOUJRdFpIQlVPckZBaWlHTHFKT0ZiU3NZcjNTWVpSVWxpcjZyS1pLajE4Y2kxQ0tBVmNsdVdJemlTQWVGS2t1T0pyYUZXNDFBUkhfTW5paEVyZmRKRTJIOTZmWDhfNnAzeGJvYVpfMzZCcmh4eGFnYnBtNVNlbDV2bUR4ZHZldTB5WWVCNlBGR0U4UkZnRmcyUUt2X0FpZEpuaEJFVVBMdUNYOXQ1SUN0bjlqbE81LXlkZ0xZU1luUXJpUG4teDg1czc3R012cGhQZGVDcmlsYUNqWnFfSjBOQzY5bGhkNzV4SkE3Q21n?oc=5,"Thu, 25 Sep 2025 07:00:00 GMT",1,IT modernization,"Liatrio drives holistic transformation across people, process, and technology. Reference the leadership change and offer a strategy session."
7,General Dynamics,10.0,Digital Transformation,GDIT Awarded $1.5B STRATCOM IT Modernization Contract - GovCon Wire,GovCon Wire,https://news.google.com/rss/articles/CBMihgFBVV95cUxPNzhKZ1ZEZXhmSW55NWlmc1VkZVRwODZxR1ZnbnZ3MzNEdHpZV3ZFRmRpZ09GMUpURWxWRm1US0t3Rm1FR2VIT1ZCUnNYeUJqTFZCOWFrS3NHR2NJMXZfb1FrVjVHcEx4bGx0bG5VTmhTdmRfU2ptRGpVZzQ5dC04cjB2RXlGZw?oc=5,"Fri, 26 Sep 2025 07:00:00 GMT",1,IT modernization,"Liatrio drives holistic transformation across people, process, and technology. Reference the leadership change and offer a strategy session."
8,SAIC,8,DevOps & Platform Engineering,Lucid hires Apple’s veteran as VP of Platform Engineering - eletric-vehicles.com,eletric-vehicles.com,https://news.google.com/rss/articles/CBMilwFBVV95cUxOTXVfMUMyd2RadlBpN3VCblExN1JLT2VZVFFTdldXTjU5Zkd5bWUzSW5iTTBwS0NFUGdqN2FYVGtUbzhZTlU3NWs0NXRkenJIQjRzOUJJUVhJbjNLRm5INGRQbmN6V09zME5ud3dFeTZrVXc0b292dmZ5MmcwLVJaV0xSeVoxUFNxbGpPTlBfYng5UFdmc1dV?oc=5,"Fri, 26 Aug 2022 07:00:00 GMT",1,platform engineering,Liatrio builds internal developer platforms that accelerate delivery. Offer a DevOps maturity assessment.
8,SAIC,8,Cloud Migration,SAIC Wins $85 Million U.S. Navy Contract for Software Support and Cloud Migration Services - Business Wire,Business Wire,https://news.google.com/rss/articles/CBMi4wFBVV95cUxPTlJEZE9IWHBfVmdCZEhyRmJsMHg1MTByWEV1eXZoall4UmphRmlHZHpJS2RucEhYYlhlTHZGdDh6X3U4QzZFS2VzWlRGX1JTbjJMUGdsMkVZT3RqUFZ0Ny1DWElNNHhjVFhVVWpWbllnb182dm9iU29BdWNzVHpzNWgyZHFRMmc5ell2blhiNTJsa0IxR1kwVE9sZ2txdzg0V2U0bGwyR0VJY3J1Z1d3WVJZempqTkhibWQ1Y3ZUemFMZDgzM3poTHBjSlVibGpnUEI2bXdMcXJ5VkRSbURnVDloTQ?oc=5,"Tue, 27 Jul 2021 07:00:00 GMT",1,cloud migration,Liatrio designs AI-ready cloud platforms. Offer a cloud migration assessment.
8,SAIC,8,Digital Transformation,SAIC adds to IT modernization portfolio with $1.2B acquisition of Unisys Federal - FedScoop,FedScoop,https://news.google.com/rss/articles/CBMiX0FVX3lxTE9GMW5Ic0VDald0eThTdXFzSktuRE83TUJ6UEtDdDJURlJFNkFuNHgwNG9ZNmc0bGdMYmprTTZJN3Z5NlRxVmhpS1NVcEh6a1lXS1JvdU5uN0JSemFFQXlF?oc=5,"Thu, 06 Feb 2020 08:00:00 GMT",1,IT modernization,"Liatrio drives holistic transformation across people, process, and technology. Reference the leadership change and offer a strategy session."
8,SAIC,8,Digital Transformation,SAIC Awarded New $229M Contract for DoD IT Modernization - ASDNews,ASDNews,https://news.google.com/rss/articles/CBMioAFBVV95cUxPMWt6TG45SmNfUFd0YVRFdWVRVHY5dXBOczJFcEc2Q0l0MDUzaGhDZnlFN3RXQkVvejg0VkthMGNyMnV4OGVTMnpOOEdWMWJrbmFmM1ZUV0g2NF9ZMVQ2YlM5bDYyanZFc09TMlBYbTdFWW1yczI1b2pNLXR3aXUyeG1SY09aejhrQi03VDh5cURXQjQ2VUI2NWFsZGxxSkND?oc=5,"Thu, 19 Sep 2024 07:00:00 GMT",1,IT modernization,"Liatrio drives holistic transformation across people, process, and technology. Reference the leadership change and offer a strategy session."
8,SAIC,8,Security & Compliance,SAIC Announces New Zero Trust Edge Capability - Business Wire,Business Wire,https://news.google.com/rss/articles/CBMipAFBVV95cUxNZ3BjUW1IX2lxRFZqaUswWjY3bTRDZ1NzZmxBS3ljWF9kZFRkTVFzZW1uRmNiU2ZQN1RGOHVMRXVxZVQ5Nl8xTUFIRm83VDJPdG1XVlBJanYxUG9rOGpXWThwRjN5M09hLWd0c1V0ZzRESTBMeGN6Tm4wV2Nad2tFZmZYb2dRX0NweTh0ZzRmbzZXTlZxMXBNWDNMZFlCdllxdjdnVg?oc=5,"Thu, 02 Nov 2023 07:00:00 GMT",1,zero trust,Liatrio integrates security into the software delivery pipeline. Offer a DevSecOps assessment.
8,SAIC,8,Digital Transformation,SAIC Awarded $95M GAO IT Modernization Contract - Homeland Security Today,Homeland Security Today,https://news.google.com/rss/articles/CBMimAFBVV95cUxOOGdoUzA5R3VaVDU5UkdOaHJRSS1zYy1kb05qQVJacDQxVS1EYUI0dGVvNExHSW8xM0JWTjh3R3N1QTU0Nm9jV0tRZzVGa0NvNXpIVkJ6ZlB0RWExbzVYWDBqc195WFF6SFpVczhjeUFxRXVJN21Cd3d1SnM4RzUwRC1vR0JPTkNOSkdVWTZ4allqMm5GNlAtdQ?oc=5,"Fri, 27 Feb 2026 08:00:00 GMT",1,IT modernization,"Liatrio drives holistic transformation across people, process, and technology. Reference the leadership change and offer a strategy session."
8,SAIC,8,Digital Transformation,GAO Awards $95M IT Modernization Contract to SAIC - MeriTalk,MeriTalk,https://news.google.com/rss/articles/CBMiiwFBVV95cUxNOXhUa1hKOG1IM21TS18wUFhMeGdOV1FKbjRmeFdYQ0toMy1FRHlHV3Z4SnpzRjhKVW8wYmYxQTByaERhYjQxVmgwU0N1MlBRbUNzZ3o2aktPTE9IRnUzYjItOTZTaG5ZNS1kZEF0TV9OR1RHUC11bHN1eXN2Wkt6SFJvUloyMlRPdEE4?oc=5,"Thu, 26 Feb 2026 08:00:00 GMT",1,IT modernization,"Liatrio drives holistic transformation across people, process, and technology. Reference the leadership change and offer a strategy session."
8,SAIC,8,Digital Transformation,SAIC Wins $95M GAO Contract to Support IT Modernization - GovCon Wire,GovCon Wire,https://news.google.com/rss/articles/CBMic0FVX3lxTE12NU5NdjZqSGNnQmRQUG55bEtqb0VmZWtHaG5pbmlvaU5xVXNsX2ZUNkM2SFUtcDZHYWd6TlF0OGI0eURXTkExWHhVVzhQVFRfbGdWZ3ZlRklEUi1PVnpLQnpKbWVzS1dKcHdXVGQyeENGUU0?oc=5,"Fri, 27 Feb 2026 08:00:00 GMT",1,IT modernization,"Liatrio drives holistic transformation across people, process, and technology. Reference the leadership change and offer a strategy session."
9,Baker Hughes,7.0,Enterprise AI,EPAM and Baker Hughes Collaborate to Transform the Energy Sector Leveraging Advanced AI Implementations - EPAM,EPAM,https://news.google.com/rss/articles/CBMi8AFBVV95cUxQbmVGdmFtWkJYZ1N1dzBlN0Q0SHk2ZXdSOGMxYXBFVkk2SGtfUXN0WVBYLTVJMWZZVzVmUDBIMzVrSjNfM1RSNFBkcFF6blduWmlpV0hHcnpFOGJrMkNocHJtU1lVRXVmSnBleUs0cFRxcDZ4ejVkSklHX0p3ZVR3cUw5UnB3bEw0WHBtMk5GQmJRQ052OVhZcTg0eDhkaHRVTFQyaHRfeGJLZG42Nmg2VE5kb285dHVOVVhUcHAzYkNHVFdoVm1QRjhSRU4yZDFodWIzNFdTSHNpRFk5cm1qOXFiR2dnVnVObDVyV25wWkQ?oc=5,"Sat, 01 Feb 2025 08:00:00 GMT",1.5,AI implementation,Liatrio helps enterprises move from AI pilots to production-scale AI. Offer an AI Strategy Session.
9,Baker Hughes,7.0,Security & Compliance,"Xona Platform v5.4.2 centralizes secure access, expands zero trust access, unifies policy enforcement - Industrial Cyber",Industrial Cyber,https://news.google.com/rss/articles/CBMizAFBVV95cUxQWVVVeWc5NTcxWmthYU1zX09mZXdzNUY2UG5jTVRMejJ4Z2E0S21NSUtDeEE3WmJvV1hLQUJwWmNuN0FabHpUTmpzRHZMTmhJZzkxYzBrc295cGZPc2VlYi1qOEYwVTBta09LLV9kQ0EwdUxSWG5aWUlIOEVYNDRWWnFBUzlQTS1hOThhZV95U04tUXpqaTRKeDVmazNjcTRUYlpwY2hlNWhSY1FXcEdrUlY3QjJxa0pUZHBENUp0UEYtdUtuR2poZG43ZWs?oc=5,"Tue, 05 Aug 2025 07:00:00 GMT",1.5,zero trust,Liatrio integrates security into the software delivery pipeline. Offer a DevSecOps assessment.
9,Baker Hughes,7.0,Enterprise AI,Enterprise AI for Predicting Asset Failures - Baker Hughes,Baker Hughes,https://news.google.com/rss/articles/CBMiiwFBVV95cUxOUTR2WWhvUU1rUXY0bTF1clN3aXJSMlhrREs4eWxLZ25GcFVfTWFGczRTcnE2WTczM181OTV4b0ptRlEwZ1lkV1hJc3g0bDdhSlpMOHhjcGR0QkFjTUthUlJUaUs1LVRYczVZb2ZlZHktSFNyVG9aOGhYLUp0Q014Ti1GN1BUWV9uejg4?oc=5,"Fri, 01 Sep 2023 05:24:42 GMT",1,enterprise AI,Liatrio helps enterprises move from AI pilots to production-scale AI. Offer an AI Strategy Session.
9,Baker Hughes,7.0,Digital Transformation,Digital transformation in asset-heavy industries - Baker Hughes,Baker Hughes,https://news.google.com/rss/articles/CBMiigFBVV95cUxPQkVOR1R4WlJ3dWoyb0ZQYWRrTWluWEowTllmRklWUFhPdWdNOFJWRTRKdzdlZ0MzempmM2ZxVEJCNkI1bnREYVdZd2xrRERzdnNCdVhFcHk1blhBLUQ1eFg1REZLZzZ0ODdHZUNJcnZLTFF5QWtJVE44Q0dnbFF2dk9aMVUxaHBEWUE?oc=5,"Tue, 10 Mar 2026 20:56:08 GMT",1,digital transformation,"Liatrio drives holistic transformation across people, process, and technology. Reference the leadership change and offer a strategy session."
9,Baker Hughes,7.0,Digital Transformation,Baker Hughes: Sustainable Growth with Digital Transformation - Sustainability Magazine,Sustainability Magazine,https://news.google.com/rss/articles/CBMinwFBVV95cUxPSDBvcWRhZThsWnhoSTBHLThQeWdrRVVvUmJJZnMzai1XNklDcXNKamF6OUJRRTBjTDZUX240NDEzYjdraGdOelNDd25HMVVDMk00Z3FUcnJ4MTlSUHE1ZTh0eTlDbTExeGR1aTZ0c3FMZms4NkhwdHUxMzdrYy1GSGhlMFhERHJGOXpOdllfdDNBeG85ZmktRWJFallpODg?oc=5,"Tue, 29 Apr 2025 07:00:00 GMT",1,digital transformation,"Liatrio drives holistic transformation across people, process, and technology. Reference the leadership change and offer a strategy session."
9,Baker Hughes,7.0,Strategic Signal,Baker Hughes JV Renewal: Multi-Year Expansion - C3 AI,C3 AI,https://news.google.com/rss/articles/CBMiigFBVV95cUxQbXZ4c0R3TDlvYlJpMEpmaWNPc0luRmRVd0dhYVFPV3F0VzZLaldWVzlwbW5rZUhYVnVlNjlWazJfWll2Z1puNE5WM3ZndGdCZC1rTThtck00QmtRaER0MXJfU19Zc2hSWkR3N3ZubkJzU2d5Q19XajI4eVRjM3ZWVkxjS2NiZkZmWVE?oc=5,"Wed, 28 May 2025 07:00:00 GMT",1,expansion,Company is investing in technology. Position Liatrio as their transformation partner.
10,Raytheon Technologies,7.0,Enterprise AI,"Northrup Grumman’s AI Strategy: Analysis of Dominance in Aerospace, Defense AI - Klover.ai",Klover.ai,https://news.google.com/rss/articles/CBMingFBVV95cUxOVUZQMGJnWlEydXhOXzVHMVBFdHdPUHBITkljZFBlTnNTQ1RXdm9SVGZNbkd3MllUM0lqQmtBQjVOZWRja2lNQnFlQVhtcXBfNjdqMF9nTFdFeWxETmFQN2toWFB6b0h5NG1aVER6YThhODNVeEZKeThQNnFLa1RzWmJJS21IUDZ3SW01dHpXTlVCaHY2TUFXdTVjSzdrUQ?oc=5,"Mon, 04 Aug 2025 07:00:00 GMT",1.5,AI strategy,Liatrio helps enterprises move from AI pilots to production-scale AI. Offer an AI Strategy Session.
10,Raytheon Technologies,7.0,Enterprise AI,"AMD, Rackspace sign MOU for regulated enterprise AI infrastructure - verdict.co.uk",verdict.co.uk,https://news.google.com/rss/articles/CBMiZEFVX3lxTE5UVkxaOEtlWUJHRVVkT052OGNBVUdVWkt3NHp5SjN4bFZSSVNGY1FKRU5fb0hJZTVqSXkzUkN0NXNsZ3Z0OWItSEExNkNYdmtQX2hJNHU0MWZqUkNWLWVsVGJaekI?oc=5,"Fri, 08 May 2026 07:00:00 GMT",1.5,enterprise AI,Liatrio helps enterprises move from AI pilots to production-scale AI. Offer an AI Strategy Session.
10,Raytheon Technologies,7.0,Enterprise AI,The hidden data problem killing enterprise AI projects - Fast Company,Fast Company,https://news.google.com/rss/articles/CBMiqwFBVV95cUxOQUwxd3R3Qks5WS1RT1ZzeXRjNFRCMkF1Y2FYTVlTdDVTUkdUdHFuTTFiV1dyLUt1bFNwSEZjbzhhVmcxWE1MSGZTWnhYalNmRDItS0s0VFZmM3kzbndNTWhpUy1OWk9jTFpxNE5Ha1kwNEFxSF8wS1dIV1ExR3ptWWF5NnRYdUY1aGV1aTJjbjVaSlpKZUV3bDBLdk5ac04yWllrcHo4UjdqYUk?oc=5,"Thu, 23 Oct 2025 07:00:00 GMT",1,enterprise AI,Liatrio helps enterprises move from AI pilots to production-scale AI. Offer an AI Strategy Session.
10,Raytheon Technologies,7.0,DevOps & Platform Engineering,DevOps World 2021: 3 Sessions for Successful Scaling - DevOps.com,DevOps.com,https://news.google.com/rss/articles/CBMie0FVX3lxTE5NMFVMeEhpMEV5WmxWZnFCeWRlSEVkRmM3cTRxRVk5LVRyM21jX293Mjl5X29uZEwxSmRSeWx0c1FEX2hkQmpVc1lUSUk5TERLeHkyc24xRmNZNEZwVEJibm4zU0o3MmhkMGNkRjBXZU1CM2FNNnRkX3J0QQ?oc=5,"Thu, 02 Sep 2021 07:00:00 GMT",1,DevOps,Liatrio builds internal developer platforms that accelerate delivery. Offer a DevOps maturity assessment.
10,Raytheon Technologies,7.0,Application Modernization,Forcepoint’s “Dynamic User Protection” a real-time threat detection cloud-native approach - Passionate In Marketing,Passionate In Marketing,https://news.google.com/rss/articles/CBMiwwFBVV95cUxOVFdnLWZ4M2pkNUVDUkJPbE9mQTN0S3RjOUxFUnhTY202RzVsazhna3NwNlJTendaSm5lbTZQWHZDTG82VHhrVks5M1FYRENhczEzWGlrcnJQYmRKdFJpZkl4Mi1SU1ZtM1M0S3hRck5zUkJKUXRwWVp1ZlFWb2pFUVJsSUVYekFWR21PeUlqbkx3TUNfcjd0ZGJqTHYxYnF6TkJOZ1c2elkzRDJTeWQyS0E3X1JHUkxobkRod1hmdkswMUE?oc=5,"Sun, 22 Aug 2021 17:34:06 GMT",1,cloud-native,"Liatrio turns legacy apps into cloud-native, AI-ready software. Offer a modernization roadmap."
10,Raytheon Technologies,7.0,Digital Transformation,Raytheon Technologies Partners with Kyndryl to Advance Its Digital Transformation Efforts - Kyndryl,Kyndryl,https://news.google.com/rss/articles/CBMiqgFBVV95cUxNX1B3S2xpcGVqdUZDT2djYUVTNk5GYUVxTG00QjhCUTQ3U1BXUXhuOU1jSW95Y0JiOVR0UjhraUFDMnJNS2ZSMHFONkU2TkxPMkZpeHYwMW9rVS1QWGQ5RXJaaHh4WnhnN2xPbF9JOXg0eXRmSWZNaE00M05BdFBiREFPN1IyeFF1cVBWVndjcC1zWUNMWERyeTJuT3hPVmFyenBkZUJjZnV2Zw?oc=5,"Thu, 09 Dec 2021 08:00:00 GMT",1,digital transformation,"Liatrio drives holistic transformation across people, process, and technology. Reference the leadership change and offer a strategy session."
